<manifest><control namespace="xyz" constructor="GroupDetailListControl" version="0.0.1" display-name-key="GroupDetailListControl" description-key="GroupDetailListControl description" control-type="standard" api-version="1.2.3"><data-set name="listDataSet" display-name-key="List Dataset" cds-data-set-options="displayCommandBar:true;displayViewSelector:true;displayQuickFindSearch:true" /><resources><code path="bundle.js" order="1" /><css path="css/ListControl.css" order="1" /></resources><feature-usage><uses-feature name="Device.captureAudio" required="true" /><uses-feature name="Device.captureImage" required="true" /><uses-feature name="Device.captureVideo" required="true" /><uses-feature name="Device.getBarcodeValue" required="true" /><uses-feature name="Device.getCurrentPosition" required="true" /><uses-feature name="Device.pickFile" required="true" /><uses-feature name="Utility" required="true" /><uses-feature name="WebAPI" required="true" /></feature-usage><built-by name="pac" version="1.3.3" /></control></manifest>